<?xml version="1.0" encoding="UTF-8"?>
<project-private xmlns="http://www.netbeans.org/ns/project-private/1">
    <editor-bookmarks xmlns="http://www.netbeans.org/ns/editor-bookmarks/2" lastBookmarkId="0"/>
    <open-files xmlns="http://www.netbeans.org/ns/projectui-open-files/2">
        <group>
            <file>file:/C:/Users/gabri/OneDrive/Documentos/GitHub/tp2-poo/TP2%20-%20GUI/src/telas/TelaInicial.java</file>
            <file>file:/C:/Users/gabri/OneDrive/Documentos/GitHub/tp2-poo/TP2%20-%20GUI/src/Principal/Casa.java</file>
            <file>file:/C:/Users/gabri/OneDrive/Documentos/GitHub/tp2-poo/TP2%20-%20GUI/src/telas/TelaDeOutput.java</file>
            <file>file:/C:/Users/gabri/OneDrive/Documentos/GitHub/tp2-poo/TP2%20-%20GUI/src/Principal/Imovel.java</file>
            <file>file:/C:/Users/gabri/OneDrive/Documentos/GitHub/tp2-poo/TP2%20-%20GUI/src/Principal/Chacara.java</file>
            <file>file:/C:/Users/gabri/OneDrive/Documentos/GitHub/tp2-poo/TP2%20-%20GUI/src/Principal/Apartamento.java</file>
            <file>file:/C:/Users/gabri/OneDrive/Documentos/GitHub/tp2-poo/TP2%20-%20GUI/src/Principal/Func.java</file>
        </group>
    </open-files>
</project-private>
